{"N": 2500, "d": 6, "version": "V2", "Smooth_transition": 10000.0, "D_new": 8, "r_new": 0, "T_change_D": 136, "D": 13, "r": 0.20337304687500002, "N_init": 1, "T": 136, "epsilon": 0.27587109374999996}